is_fraud,count,mean,median,std,min,q25,q75,q95,q99,max
0,1289169,67.66710981260022,47.28,154.00797054609885,1.0,9.61,82.54,189.9,486.3032000000007,28948.9
1,7506,531.3200919264589,396.505,390.56006972553575,1.06,245.6625,900.875,1083.9850000000001,1179.6899999999996,1376.04
