model,class,precision,recall,f1-score,support
hist_gradient_boosting_high_recall_0_90,0,0.9997055316426244,0.9935112559477143,0.9965987688884298,553574.0
hist_gradient_boosting_high_recall_0_90,1,0.355695067264574,0.9244755244755245,0.5137305699481866,2145.0
hist_gradient_boosting_high_recall_0_90,accuracy,0.9932447873835517,0.9932447873835517,0.9932447873835517,0.9932447873835517
hist_gradient_boosting_high_recall_0_90,macro avg,0.6777002994535992,0.9589933902116194,0.7551646694183082,555719.0
hist_gradient_boosting_high_recall_0_90,weighted avg,0.9972197385599856,0.9932447873835517,0.9947349631039833,555719.0
