model,accuracy,precision,recall,f1_score,roc_auc
random_forest,0.9836068228727108,0.18018183487923592,0.9146853146853147,0.3010587693724106,0.9899354811749541
logistic_regression,0.9393200520406896,0.045145491212906945,0.7305361305361305,0.08503595170261836,0.9054786315326008
