feature,mean,scale
amt,70.35103545607032,160.31597675338924
city_pop,88824.44056297839,301956.2442538622
lat,38.53762161489964,5.075806481563522
long,-90.22633537864152,13.759071640962722
merch_lat,38.537338044699716,5.109786399336048
merch_long,-90.22646479897276,13.77108525463636
unix_time,1349243636.7261226,12841273.471740434
customer_age,45.49540555651956,17.396972816549162
customer_merchant_distance_km,76.11465060395156,29.116923283738448
