method,seconds,result_rows
Pandas,3.397118699969724,14
Spark,0.646375700016506,14
