feature,correlation_with_is_fraud
amt,0.21940388895887247
transaction_hour,0.013799370523446689
transaction_month,-0.012409331585156296
customer_age,0.012251014115061081
unix_time,-0.005077633322328826
weekend_flag,-0.00364426971765121
city_pop,0.002135902418198207
lat,0.0018939555104819626
merch_lat,0.0017406268494944614
transaction_dayofweek,0.0017391117582488246
merch_long,0.0017213204008220606
long,0.0017208127515248475
customer_merchant_distance_km,0.00040273415401464855
