method,seconds,result_rows
Pandas,2.9813876000698656,14
Spark,0.7238489999435842,14
