model,class,precision,recall,f1-score,support
logistic_regression_default_0_50,0,0.9988906141736515,0.9401290523037571,0.9686194551747049,553574.0
logistic_regression_default_0_50,1,0.045145491212906945,0.7305361305361305,0.08503595170261836,2145.0
logistic_regression_default_0_50,accuracy,0.9393200520406896,0.9393200520406896,0.9393200520406896,0.9393200520406896
logistic_regression_default_0_50,macro avg,0.5220180526932793,0.8353325914199439,0.5268277034386617,555719.0
logistic_regression_default_0_50,weighted avg,0.9952092873002663,0.9393200520406897,0.9652089426405868,555719.0
