model,class,precision,recall,f1-score,support
random_forest_high_recall_0_90,0,0.999664115412147,0.983873881360035,0.9917061481931967,553574.0
random_forest_high_recall_0_90,1,0.18018183487923592,0.9146853146853147,0.3010587693724106,2145.0
random_forest_high_recall_0_90,accuracy,0.9836068228727108,0.9836068228727108,0.9836068228727108,0.9836068228727108
random_forest_high_recall_0_90,macro avg,0.5899229751456915,0.9492795980226748,0.6463824587828036,555719.0
random_forest_high_recall_0_90,weighted avg,0.9965010249082357,0.9836068228727108,0.9890403429434741,555719.0
