model,class,precision,recall,f1-score,support
hist_gradient_boosting_default_0_50,0,0.9998697285951238,0.9844122014400966,0.9920807580626075,553574.0
hist_gradient_boosting_default_0_50,1,0.19377744557600673,0.9668997668997669,0.32285180572851807,2145.0
hist_gradient_boosting_default_0_50,accuracy,0.9843446058169687,0.9843446058169687,0.9843446058169687,0.9843446058169687
hist_gradient_boosting_default_0_50,macro avg,0.5968235870855653,0.9756559841699317,0.6574662818955628,555719.0
hist_gradient_boosting_default_0_50,weighted avg,0.9967583216663053,0.9843446058169687,0.9894976250353823,555719.0
