model,class,precision,recall,f1-score,support
logistic_regression_high_recall_0_90,0,0.9990414818642092,0.7474773020409196,0.8551420555822496,553574.0
logistic_regression_high_recall_0_90,1,0.012350040271870451,0.8149184149184149,0.024331340520451272,2145.0
logistic_regression_high_recall_0_90,accuracy,0.7477376155934924,0.7477376155934924,0.7477376155934924,0.7477376155934924
logistic_regression_high_recall_0_90,macro avg,0.5056957610680398,0.7811978584796673,0.43973669805135046,555719.0
logistic_regression_high_recall_0_90,weighted avg,0.995232986667508,0.7477376155934924,0.8519352388568766,555719.0
