model,class,precision,recall,f1-score,support
logistic_regression_tuned_f1,0,0.9987047366755274,0.9861355482735822,0.9923803446887376,553574.0
logistic_regression_tuned_f1,1,0.15770412642669007,0.66993006993007,0.25530780847472684,2145.0
logistic_regression_tuned_f1,accuracy,0.9849150379958216,0.9849150379958216,0.9849150379958216,0.9849150379958216
logistic_regression_tuned_f1,macro avg,0.5782044315511088,0.8280328091018261,0.6238440765817322,555719.0
logistic_regression_tuned_f1,weighted avg,0.9954585883361979,0.9849150379958216,0.989535344625434,555719.0
