dataset,is_fraud,count,percent
train,0,1289169,99.42113482561166
train,1,7506,0.5788651743883394
test,0,553574,99.61401355721146
test,1,2145,0.3859864427885316
